timestamp,username,ip,country,success
2025-12-30T12:00:00Z,alice,1.2.3.4,US,0
2025-12-30T12:01:00Z,alice,1.2.3.4,US,0
2025-12-30T12:02:00Z,alice,1.2.3.4,US,0
2025-12-30T12:03:00Z,alice,1.2.3.4,US,0
2025-12-30T12:04:00Z,alice,1.2.3.4,US,0
2025-12-30T12:05:00Z,alice,1.2.3.4,US,1
2025-12-30T12:10:00Z,bob,5.6.7.8,US,1
2025-12-30T12:35:00Z,bob,5.6.7.8,FR,1
2025-12-30T13:00:00Z,charlie,9.9.9.9,US,0
2025-12-30T13:01:00Z,charlie,9.9.9.9,US,0
2025-12-30T13:02:00Z,charlie,9.9.9.9,US,0
2025-12-30T13:03:00Z,charlie,9.9.9.9,US,0
2025-12-30T13:04:00Z,charlie,9.9.9.9,US,0
2025-12-30T13:05:00Z,charlie,9.9.9.9,US,0
2025-12-30T13:06:00Z,charlie,9.9.9.9,US,0
2025-12-30T13:07:00Z,charlie,9.9.9.9,US,0
2025-12-30T13:08:00Z,charlie,9.9.9.9,US,0
2025-12-30T13:09:00Z,charlie,9.9.9.9,US,0
2025-12-30T13:10:00Z,charlie,9.9.9.9,US,0
